Code Domaine,Domaine,Code zone (M49),Zone,Code Élément,Élément,Code Produit (CPC),Produit,Code année,Année,Code Mois,Mois,Unité,Valeur,Symbole,Description du Symbole
"PP","Prix à la Production","710","Afrique du Sud","5532","Prix à la Production (USD/tonne)","21121","Viande, poulet, fraîche ou réfrigérée","2016","2016","7021","Valeur annuel","USD","1505.6","A","Chiffre officiel"
"PP","Prix à la Production","710","Afrique du Sud","5532","Prix à la Production (USD/tonne)","21121","Viande, poulet, fraîche ou réfrigérée","2017","2017","7021","Valeur annuel","USD","2015.1","A","Chiffre officiel"
"PP","Prix à la Production","710","Afrique du Sud","5532","Prix à la Production (USD/tonne)","21121","Viande, poulet, fraîche ou réfrigérée","2018","2018","7021","Valeur annuel","USD","2082.8","A","Chiffre officiel"
"PP","Prix à la Production","710","Afrique du Sud","5532","Prix à la Production (USD/tonne)","21121","Viande, poulet, fraîche ou réfrigérée","2019","2019","7021","Valeur annuel","USD","1921.2","A","Chiffre officiel"
"PP","Prix à la Production","710","Afrique du Sud","5532","Prix à la Production (USD/tonne)","21121","Viande, poulet, fraîche ou réfrigérée","2020","2020","7021","Valeur annuel","USD","1713.1","A","Chiffre officiel"
"PP","Prix à la Production","012","Algérie","5532","Prix à la Production (USD/tonne)","21121","Viande, poulet, fraîche ou réfrigérée","2016","2016","7021","Valeur annuel","USD","2339.1","A","Chiffre officiel"
"PP","Prix à la Production","012","Algérie","5532","Prix à la Production (USD/tonne)","21121","Viande, poulet, fraîche ou réfrigérée","2017","2017","7021","Valeur annuel","USD","2180.7","A","Chiffre officiel"
"PP","Prix à la Production","012","Algérie","5532","Prix à la Production (USD/tonne)","21121","Viande, poulet, fraîche ou réfrigérée","2018","2018","7021","Valeur annuel","USD","2453","A","Chiffre officiel"
"PP","Prix à la Production","012","Algérie","5532","Prix à la Production (USD/tonne)","21121","Viande, poulet, fraîche ou réfrigérée","2019","2019","7021","Valeur annuel","USD","2102.1","A","Chiffre officiel"
"PP","Prix à la Production","012","Algérie","5532","Prix à la Production (USD/tonne)","21121","Viande, poulet, fraîche ou réfrigérée","2020","2020","7021","Valeur annuel","USD","1881.5","A","Chiffre officiel"
"PP","Prix à la Production","276","Allemagne","5532","Prix à la Production (USD/tonne)","21121","Viande, poulet, fraîche ou réfrigérée","2016","2016","7021","Valeur annuel","USD","1448","A","Chiffre officiel"
"PP","Prix à la Production","276","Allemagne","5532","Prix à la Production (USD/tonne)","21121","Viande, poulet, fraîche ou réfrigérée","2017","2017","7021","Valeur annuel","USD","1459.6","A","Chiffre officiel"
"PP","Prix à la Production","276","Allemagne","5532","Prix à la Production (USD/tonne)","21121","Viande, poulet, fraîche ou réfrigérée","2018","2018","7021","Valeur annuel","USD","1378.9","A","Chiffre officiel"
"PP","Prix à la Production","276","Allemagne","5532","Prix à la Production (USD/tonne)","21121","Viande, poulet, fraîche ou réfrigérée","2019","2019","7021","Valeur annuel","USD","1255.6","A","Chiffre officiel"
"PP","Prix à la Production","276","Allemagne","5532","Prix à la Production (USD/tonne)","21121","Viande, poulet, fraîche ou réfrigérée","2020","2020","7021","Valeur annuel","USD","1253","A","Chiffre officiel"
"PP","Prix à la Production","682","Arabie saoudite","5532","Prix à la Production (USD/tonne)","21121","Viande, poulet, fraîche ou réfrigérée","2019","2019","7021","Valeur annuel","USD","3333.3","A","Chiffre officiel"
"PP","Prix à la Production","032","Argentine","5532","Prix à la Production (USD/tonne)","21121","Viande, poulet, fraîche ou réfrigérée","2016","2016","7021","Valeur annuel","USD","1368.7","A","Chiffre officiel"
"PP","Prix à la Production","032","Argentine","5532","Prix à la Production (USD/tonne)","21121","Viande, poulet, fraîche ou réfrigérée","2017","2017","7021","Valeur annuel","USD","1324.1","A","Chiffre officiel"
"PP","Prix à la Production","032","Argentine","5532","Prix à la Production (USD/tonne)","21121","Viande, poulet, fraîche ou réfrigérée","2018","2018","7021","Valeur annuel","USD","1231.5","A","Chiffre officiel"
"PP","Prix à la Production","032","Argentine","5532","Prix à la Production (USD/tonne)","21121","Viande, poulet, fraîche ou réfrigérée","2019","2019","7021","Valeur annuel","USD","1155.4","A","Chiffre officiel"
"PP","Prix à la Production","032","Argentine","5532","Prix à la Production (USD/tonne)","21121","Viande, poulet, fraîche ou réfrigérée","2020","2020","7021","Valeur annuel","USD","637.9","A","Chiffre officiel"
"PP","Prix à la Production","051","Arménie","5532","Prix à la Production (USD/tonne)","21121","Viande, poulet, fraîche ou réfrigérée","2016","2016","7021","Valeur annuel","USD","3820.8","A","Chiffre officiel"
"PP","Prix à la Production","051","Arménie","5532","Prix à la Production (USD/tonne)","21121","Viande, poulet, fraîche ou réfrigérée","2017","2017","7021","Valeur annuel","USD","3741.2","A","Chiffre officiel"
"PP","Prix à la Production","051","Arménie","5532","Prix à la Production (USD/tonne)","21121","Viande, poulet, fraîche ou réfrigérée","2018","2018","7021","Valeur annuel","USD","3872.3","A","Chiffre officiel"
"PP","Prix à la Production","051","Arménie","5532","Prix à la Production (USD/tonne)","21121","Viande, poulet, fraîche ou réfrigérée","2019","2019","7021","Valeur annuel","USD","5184.5","A","Chiffre officiel"
"PP","Prix à la Production","051","Arménie","5532","Prix à la Production (USD/tonne)","21121","Viande, poulet, fraîche ou réfrigérée","2020","2020","7021","Valeur annuel","USD","3991.7","A","Chiffre officiel"
"PP","Prix à la Production","040","Autriche","5532","Prix à la Production (USD/tonne)","21121","Viande, poulet, fraîche ou réfrigérée","2016","2016","7021","Valeur annuel","USD","2313.1","A","Chiffre officiel"
"PP","Prix à la Production","040","Autriche","5532","Prix à la Production (USD/tonne)","21121","Viande, poulet, fraîche ou réfrigérée","2017","2017","7021","Valeur annuel","USD","2350.9","A","Chiffre officiel"
"PP","Prix à la Production","040","Autriche","5532","Prix à la Production (USD/tonne)","21121","Viande, poulet, fraîche ou réfrigérée","2018","2018","7021","Valeur annuel","USD","3226.4","A","Chiffre officiel"
"PP","Prix à la Production","040","Autriche","5532","Prix à la Production (USD/tonne)","21121","Viande, poulet, fraîche ou réfrigérée","2019","2019","7021","Valeur annuel","USD","2983.4","A","Chiffre officiel"
"PP","Prix à la Production","040","Autriche","5532","Prix à la Production (USD/tonne)","21121","Viande, poulet, fraîche ou réfrigérée","2020","2020","7021","Valeur annuel","USD","3019.5","A","Chiffre officiel"
"PP","Prix à la Production","031","Azerbaïdjan","5532","Prix à la Production (USD/tonne)","21121","Viande, poulet, fraîche ou réfrigérée","2016","2016","7021","Valeur annuel","USD","1623.1","A","Chiffre officiel"
"PP","Prix à la Production","031","Azerbaïdjan","5532","Prix à la Production (USD/tonne)","21121","Viande, poulet, fraîche ou réfrigérée","2017","2017","7021","Valeur annuel","USD","1783.6","A","Chiffre officiel"
"PP","Prix à la Production","031","Azerbaïdjan","5532","Prix à la Production (USD/tonne)","21121","Viande, poulet, fraîche ou réfrigérée","2018","2018","7021","Valeur annuel","USD","2023.5","A","Chiffre officiel"
"PP","Prix à la Production","031","Azerbaïdjan","5532","Prix à la Production (USD/tonne)","21121","Viande, poulet, fraîche ou réfrigérée","2019","2019","7021","Valeur annuel","USD","1847.1","A","Chiffre officiel"
"PP","Prix à la Production","031","Azerbaïdjan","5532","Prix à la Production (USD/tonne)","21121","Viande, poulet, fraîche ou réfrigérée","2020","2020","7021","Valeur annuel","USD","1881.2","A","Chiffre officiel"
"PP","Prix à la Production","070","Bosnie-Herzégovine","5532","Prix à la Production (USD/tonne)","21121","Viande, poulet, fraîche ou réfrigérée","2016","2016","7021","Valeur annuel","USD","1027.7","A","Chiffre officiel"
"PP","Prix à la Production","070","Bosnie-Herzégovine","5532","Prix à la Production (USD/tonne)","21121","Viande, poulet, fraîche ou réfrigérée","2017","2017","7021","Valeur annuel","USD","967.5","A","Chiffre officiel"
"PP","Prix à la Production","070","Bosnie-Herzégovine","5532","Prix à la Production (USD/tonne)","21121","Viande, poulet, fraîche ou réfrigérée","2018","2018","7021","Valeur annuel","USD","949.9","A","Chiffre officiel"
"PP","Prix à la Production","070","Bosnie-Herzégovine","5532","Prix à la Production (USD/tonne)","21121","Viande, poulet, fraîche ou réfrigérée","2019","2019","7021","Valeur annuel","USD","1188.3","A","Chiffre officiel"
"PP","Prix à la Production","070","Bosnie-Herzégovine","5532","Prix à la Production (USD/tonne)","21121","Viande, poulet, fraîche ou réfrigérée","2020","2020","7021","Valeur annuel","USD","876.5","A","Chiffre officiel"
"PP","Prix à la Production","096","Brunéi Darussalam","5532","Prix à la Production (USD/tonne)","21121","Viande, poulet, fraîche ou réfrigérée","2016","2016","7021","Valeur annuel","USD","3307","A","Chiffre officiel"
"PP","Prix à la Production","096","Brunéi Darussalam","5532","Prix à la Production (USD/tonne)","21121","Viande, poulet, fraîche ou réfrigérée","2017","2017","7021","Valeur annuel","USD","3287.7","A","Chiffre officiel"
"PP","Prix à la Production","096","Brunéi Darussalam","5532","Prix à la Production (USD/tonne)","21121","Viande, poulet, fraîche ou réfrigérée","2018","2018","7021","Valeur annuel","USD","3380.5","A","Chiffre officiel"
"PP","Prix à la Production","096","Brunéi Darussalam","5532","Prix à la Production (USD/tonne)","21121","Viande, poulet, fraîche ou réfrigérée","2019","2019","7021","Valeur annuel","USD","3234.1","A","Chiffre officiel"
"PP","Prix à la Production","096","Brunéi Darussalam","5532","Prix à la Production (USD/tonne)","21121","Viande, poulet, fraîche ou réfrigérée","2020","2020","7021","Valeur annuel","USD","3090.5","A","Chiffre officiel"
"PP","Prix à la Production","132","Cabo Verde","5532","Prix à la Production (USD/tonne)","21121","Viande, poulet, fraîche ou réfrigérée","2016","2016","7021","Valeur annuel","USD","4375","A","Chiffre officiel"
"PP","Prix à la Production","132","Cabo Verde","5532","Prix à la Production (USD/tonne)","21121","Viande, poulet, fraîche ou réfrigérée","2017","2017","7021","Valeur annuel","USD","4469.3","A","Chiffre officiel"
"PP","Prix à la Production","132","Cabo Verde","5532","Prix à la Production (USD/tonne)","21121","Viande, poulet, fraîche ou réfrigérée","2018","2018","7021","Valeur annuel","USD","5045.8","A","Chiffre officiel"
"PP","Prix à la Production","132","Cabo Verde","5532","Prix à la Production (USD/tonne)","21121","Viande, poulet, fraîche ou réfrigérée","2019","2019","7021","Valeur annuel","USD","5063.4","A","Chiffre officiel"
"PP","Prix à la Production","132","Cabo Verde","5532","Prix à la Production (USD/tonne)","21121","Viande, poulet, fraîche ou réfrigérée","2020","2020","7021","Valeur annuel","USD","5436.9","A","Chiffre officiel"
"PP","Prix à la Production","156","Chine, continentale","5532","Prix à la Production (USD/tonne)","21121","Viande, poulet, fraîche ou réfrigérée","2016","2016","7021","Valeur annuel","USD","2009.3","A","Chiffre officiel"
"PP","Prix à la Production","156","Chine, continentale","5532","Prix à la Production (USD/tonne)","21121","Viande, poulet, fraîche ou réfrigérée","2017","2017","7021","Valeur annuel","USD","1681.4","A","Chiffre officiel"
"PP","Prix à la Production","156","Chine, continentale","5532","Prix à la Production (USD/tonne)","21121","Viande, poulet, fraîche ou réfrigérée","2018","2018","7021","Valeur annuel","USD","1952.2","A","Chiffre officiel"
"PP","Prix à la Production","156","Chine, continentale","5532","Prix à la Production (USD/tonne)","21121","Viande, poulet, fraîche ou réfrigérée","2019","2019","7021","Valeur annuel","USD","3345.6","A","Chiffre officiel"
"PP","Prix à la Production","156","Chine, continentale","5532","Prix à la Production (USD/tonne)","21121","Viande, poulet, fraîche ou réfrigérée","2020","2020","7021","Valeur annuel","USD","2836.3","A","Chiffre officiel"
"PP","Prix à la Production","196","Chypre","5532","Prix à la Production (USD/tonne)","21121","Viande, poulet, fraîche ou réfrigérée","2016","2016","7021","Valeur annuel","USD","2811.9","A","Chiffre officiel"
"PP","Prix à la Production","196","Chypre","5532","Prix à la Production (USD/tonne)","21121","Viande, poulet, fraîche ou réfrigérée","2017","2017","7021","Valeur annuel","USD","2869.4","A","Chiffre officiel"
"PP","Prix à la Production","196","Chypre","5532","Prix à la Production (USD/tonne)","21121","Viande, poulet, fraîche ou réfrigérée","2018","2018","7021","Valeur annuel","USD","2973.1","A","Chiffre officiel"
"PP","Prix à la Production","196","Chypre","5532","Prix à la Production (USD/tonne)","21121","Viande, poulet, fraîche ou réfrigérée","2019","2019","7021","Valeur annuel","USD","2825.3","A","Chiffre officiel"
"PP","Prix à la Production","196","Chypre","5532","Prix à la Production (USD/tonne)","21121","Viande, poulet, fraîche ou réfrigérée","2020","2020","7021","Valeur annuel","USD","2864.8","A","Chiffre officiel"
"PP","Prix à la Production","170","Colombie","5532","Prix à la Production (USD/tonne)","21121","Viande, poulet, fraîche ou réfrigérée","2018","2018","7021","Valeur annuel","USD","1856.1","A","Chiffre officiel"
"PP","Prix à la Production","170","Colombie","5532","Prix à la Production (USD/tonne)","21121","Viande, poulet, fraîche ou réfrigérée","2019","2019","7021","Valeur annuel","USD","1740.3","A","Chiffre officiel"
"PP","Prix à la Production","170","Colombie","5532","Prix à la Production (USD/tonne)","21121","Viande, poulet, fraîche ou réfrigérée","2020","2020","7021","Valeur annuel","USD","1596","A","Chiffre officiel"
"PP","Prix à la Production","208","Danemark","5532","Prix à la Production (USD/tonne)","21121","Viande, poulet, fraîche ou réfrigérée","2016","2016","7021","Valeur annuel","USD","1192.9","A","Chiffre officiel"
"PP","Prix à la Production","208","Danemark","5532","Prix à la Production (USD/tonne)","21121","Viande, poulet, fraîche ou réfrigérée","2017","2017","7021","Valeur annuel","USD","1200.1","A","Chiffre officiel"
"PP","Prix à la Production","208","Danemark","5532","Prix à la Production (USD/tonne)","21121","Viande, poulet, fraîche ou réfrigérée","2018","2018","7021","Valeur annuel","USD","1341.8","A","Chiffre officiel"
"PP","Prix à la Production","208","Danemark","5532","Prix à la Production (USD/tonne)","21121","Viande, poulet, fraîche ou réfrigérée","2019","2019","7021","Valeur annuel","USD","1253.2","A","Chiffre officiel"
"PP","Prix à la Production","208","Danemark","5532","Prix à la Production (USD/tonne)","21121","Viande, poulet, fraîche ou réfrigérée","2020","2020","7021","Valeur annuel","USD","1249.4","A","Chiffre officiel"
"PP","Prix à la Production","818","Égypte","5532","Prix à la Production (USD/tonne)","21121","Viande, poulet, fraîche ou réfrigérée","2016","2016","7021","Valeur annuel","USD","2061","A","Chiffre officiel"
"PP","Prix à la Production","818","Égypte","5532","Prix à la Production (USD/tonne)","21121","Viande, poulet, fraîche ou réfrigérée","2017","2017","7021","Valeur annuel","USD","1510.5","A","Chiffre officiel"
"PP","Prix à la Production","818","Égypte","5532","Prix à la Production (USD/tonne)","21121","Viande, poulet, fraîche ou réfrigérée","2018","2018","7021","Valeur annuel","USD","1455.3","A","Chiffre officiel"
"PP","Prix à la Production","222","El Salvador","5532","Prix à la Production (USD/tonne)","21121","Viande, poulet, fraîche ou réfrigérée","2016","2016","7021","Valeur annuel","USD","2794","A","Chiffre officiel"
"PP","Prix à la Production","222","El Salvador","5532","Prix à la Production (USD/tonne)","21121","Viande, poulet, fraîche ou réfrigérée","2017","2017","7021","Valeur annuel","USD","2860","A","Chiffre officiel"
"PP","Prix à la Production","222","El Salvador","5532","Prix à la Production (USD/tonne)","21121","Viande, poulet, fraîche ou réfrigérée","2018","2018","7021","Valeur annuel","USD","2816","A","Chiffre officiel"
"PP","Prix à la Production","724","Espagne","5532","Prix à la Production (USD/tonne)","21121","Viande, poulet, fraîche ou réfrigérée","2016","2016","7021","Valeur annuel","USD","1142","A","Chiffre officiel"
"PP","Prix à la Production","724","Espagne","5532","Prix à la Production (USD/tonne)","21121","Viande, poulet, fraîche ou réfrigérée","2017","2017","7021","Valeur annuel","USD","1309.1","A","Chiffre officiel"
"PP","Prix à la Production","724","Espagne","5532","Prix à la Production (USD/tonne)","21121","Viande, poulet, fraîche ou réfrigérée","2018","2018","7021","Valeur annuel","USD","1367.9","A","Chiffre officiel"
"PP","Prix à la Production","724","Espagne","5532","Prix à la Production (USD/tonne)","21121","Viande, poulet, fraîche ou réfrigérée","2019","2019","7021","Valeur annuel","USD","1178","A","Chiffre officiel"
"PP","Prix à la Production","724","Espagne","5532","Prix à la Production (USD/tonne)","21121","Viande, poulet, fraîche ou réfrigérée","2020","2020","7021","Valeur annuel","USD","1133.1","A","Chiffre officiel"
"PP","Prix à la Production","643","Fédération de Russie","5532","Prix à la Production (USD/tonne)","21121","Viande, poulet, fraîche ou réfrigérée","2016","2016","7021","Valeur annuel","USD","1408.3","A","Chiffre officiel"
"PP","Prix à la Production","643","Fédération de Russie","5532","Prix à la Production (USD/tonne)","21121","Viande, poulet, fraîche ou réfrigérée","2017","2017","7021","Valeur annuel","USD","1603.6","A","Chiffre officiel"
"PP","Prix à la Production","643","Fédération de Russie","5532","Prix à la Production (USD/tonne)","21121","Viande, poulet, fraîche ou réfrigérée","2018","2018","7021","Valeur annuel","USD","1557.2","A","Chiffre officiel"
"PP","Prix à la Production","643","Fédération de Russie","5532","Prix à la Production (USD/tonne)","21121","Viande, poulet, fraîche ou réfrigérée","2019","2019","7021","Valeur annuel","USD","1638.2","A","Chiffre officiel"
"PP","Prix à la Production","643","Fédération de Russie","5532","Prix à la Production (USD/tonne)","21121","Viande, poulet, fraîche ou réfrigérée","2020","2020","7021","Valeur annuel","USD","1588.3","A","Chiffre officiel"
"PP","Prix à la Production","242","Fidji","5532","Prix à la Production (USD/tonne)","21121","Viande, poulet, fraîche ou réfrigérée","2016","2016","7021","Valeur annuel","USD","3819.2","A","Chiffre officiel"
"PP","Prix à la Production","242","Fidji","5532","Prix à la Production (USD/tonne)","21121","Viande, poulet, fraîche ou réfrigérée","2017","2017","7021","Valeur annuel","USD","3628.6","A","Chiffre officiel"
"PP","Prix à la Production","242","Fidji","5532","Prix à la Production (USD/tonne)","21121","Viande, poulet, fraîche ou réfrigérée","2018","2018","7021","Valeur annuel","USD","5748.8","A","Chiffre officiel"
"PP","Prix à la Production","242","Fidji","5532","Prix à la Production (USD/tonne)","21121","Viande, poulet, fraîche ou réfrigérée","2019","2019","7021","Valeur annuel","USD","4628.8","A","Chiffre officiel"
"PP","Prix à la Production","242","Fidji","5532","Prix à la Production (USD/tonne)","21121","Viande, poulet, fraîche ou réfrigérée","2020","2020","7021","Valeur annuel","USD","6000.6","A","Chiffre officiel"
"PP","Prix à la Production","246","Finlande","5532","Prix à la Production (USD/tonne)","21121","Viande, poulet, fraîche ou réfrigérée","2016","2016","7021","Valeur annuel","USD","1452.4","A","Chiffre officiel"
"PP","Prix à la Production","246","Finlande","5532","Prix à la Production (USD/tonne)","21121","Viande, poulet, fraîche ou réfrigérée","2017","2017","7021","Valeur annuel","USD","1460.7","A","Chiffre officiel"
"PP","Prix à la Production","246","Finlande","5532","Prix à la Production (USD/tonne)","21121","Viande, poulet, fraîche ou réfrigérée","2018","2018","7021","Valeur annuel","USD","1555.3","A","Chiffre officiel"
"PP","Prix à la Production","246","Finlande","5532","Prix à la Production (USD/tonne)","21121","Viande, poulet, fraîche ou réfrigérée","2019","2019","7021","Valeur annuel","USD","1520.2","A","Chiffre officiel"
"PP","Prix à la Production","246","Finlande","5532","Prix à la Production (USD/tonne)","21121","Viande, poulet, fraîche ou réfrigérée","2020","2020","7021","Valeur annuel","USD","1597.9","A","Chiffre officiel"
"PP","Prix à la Production","250","France","5532","Prix à la Production (USD/tonne)","21121","Viande, poulet, fraîche ou réfrigérée","2016","2016","7021","Valeur annuel","USD","1684.5","A","Chiffre officiel"
"PP","Prix à la Production","250","France","5532","Prix à la Production (USD/tonne)","21121","Viande, poulet, fraîche ou réfrigérée","2017","2017","7021","Valeur annuel","USD","1705.7","A","Chiffre officiel"
"PP","Prix à la Production","250","France","5532","Prix à la Production (USD/tonne)","21121","Viande, poulet, fraîche ou réfrigérée","2018","2018","7021","Valeur annuel","USD","1778","A","Chiffre officiel"
"PP","Prix à la Production","250","France","5532","Prix à la Production (USD/tonne)","21121","Viande, poulet, fraîche ou réfrigérée","2019","2019","7021","Valeur annuel","USD","1730.2","A","Chiffre officiel"
"PP","Prix à la Production","250","France","5532","Prix à la Production (USD/tonne)","21121","Viande, poulet, fraîche ou réfrigérée","2020","2020","7021","Valeur annuel","USD","1811","A","Chiffre officiel"
"PP","Prix à la Production","268","Géorgie","5532","Prix à la Production (USD/tonne)","21121","Viande, poulet, fraîche ou réfrigérée","2016","2016","7021","Valeur annuel","USD","1745.6","A","Chiffre officiel"
"PP","Prix à la Production","268","Géorgie","5532","Prix à la Production (USD/tonne)","21121","Viande, poulet, fraîche ou réfrigérée","2017","2017","7021","Valeur annuel","USD","1739.1","A","Chiffre officiel"
"PP","Prix à la Production","268","Géorgie","5532","Prix à la Production (USD/tonne)","21121","Viande, poulet, fraîche ou réfrigérée","2018","2018","7021","Valeur annuel","USD","1763.9","A","Chiffre officiel"
"PP","Prix à la Production","268","Géorgie","5532","Prix à la Production (USD/tonne)","21121","Viande, poulet, fraîche ou réfrigérée","2019","2019","7021","Valeur annuel","USD","1730.7","A","Chiffre officiel"
"PP","Prix à la Production","268","Géorgie","5532","Prix à la Production (USD/tonne)","21121","Viande, poulet, fraîche ou réfrigérée","2020","2020","7021","Valeur annuel","USD","1669.5","A","Chiffre officiel"
"PP","Prix à la Production","300","Grèce","5532","Prix à la Production (USD/tonne)","21121","Viande, poulet, fraîche ou réfrigérée","2016","2016","7021","Valeur annuel","USD","1670.4","A","Chiffre officiel"
"PP","Prix à la Production","300","Grèce","5532","Prix à la Production (USD/tonne)","21121","Viande, poulet, fraîche ou réfrigérée","2017","2017","7021","Valeur annuel","USD","2056","A","Chiffre officiel"
"PP","Prix à la Production","300","Grèce","5532","Prix à la Production (USD/tonne)","21121","Viande, poulet, fraîche ou réfrigérée","2018","2018","7021","Valeur annuel","USD","1865.9","A","Chiffre officiel"
"PP","Prix à la Production","300","Grèce","5532","Prix à la Production (USD/tonne)","21121","Viande, poulet, fraîche ou réfrigérée","2019","2019","7021","Valeur annuel","USD","1843.4","A","Chiffre officiel"
"PP","Prix à la Production","308","Grenade","5532","Prix à la Production (USD/tonne)","21121","Viande, poulet, fraîche ou réfrigérée","2016","2016","7021","Valeur annuel","USD","6322.4","A","Chiffre officiel"
"PP","Prix à la Production","308","Grenade","5532","Prix à la Production (USD/tonne)","21121","Viande, poulet, fraîche ou réfrigérée","2017","2017","7021","Valeur annuel","USD","5710.6","A","Chiffre officiel"
"PP","Prix à la Production","308","Grenade","5532","Prix à la Production (USD/tonne)","21121","Viande, poulet, fraîche ou réfrigérée","2018","2018","7021","Valeur annuel","USD","4592.9","A","Chiffre officiel"
"PP","Prix à la Production","308","Grenade","5532","Prix à la Production (USD/tonne)","21121","Viande, poulet, fraîche ou réfrigérée","2019","2019","7021","Valeur annuel","USD","5710.6","A","Chiffre officiel"
"PP","Prix à la Production","308","Grenade","5532","Prix à la Production (USD/tonne)","21121","Viande, poulet, fraîche ou réfrigérée","2020","2020","7021","Valeur annuel","USD","5501.4","A","Chiffre officiel"
"PP","Prix à la Production","352","Islande","5532","Prix à la Production (USD/tonne)","21121","Viande, poulet, fraîche ou réfrigérée","2016","2016","7021","Valeur annuel","USD","3949.7","A","Chiffre officiel"
"PP","Prix à la Production","352","Islande","5532","Prix à la Production (USD/tonne)","21121","Viande, poulet, fraîche ou réfrigérée","2017","2017","7021","Valeur annuel","USD","4442.8","A","Chiffre officiel"
"PP","Prix à la Production","352","Islande","5532","Prix à la Production (USD/tonne)","21121","Viande, poulet, fraîche ou réfrigérée","2018","2018","7021","Valeur annuel","USD","3342.6","A","Chiffre officiel"
"PP","Prix à la Production","352","Islande","5532","Prix à la Production (USD/tonne)","21121","Viande, poulet, fraîche ou réfrigérée","2019","2019","7021","Valeur annuel","USD","2914","A","Chiffre officiel"
"PP","Prix à la Production","352","Islande","5532","Prix à la Production (USD/tonne)","21121","Viande, poulet, fraîche ou réfrigérée","2020","2020","7021","Valeur annuel","USD","2130.5","A","Chiffre officiel"
"PP","Prix à la Production","398","Kazakhstan","5532","Prix à la Production (USD/tonne)","21121","Viande, poulet, fraîche ou réfrigérée","2016","2016","7021","Valeur annuel","USD","1039.4","A","Chiffre officiel"
"PP","Prix à la Production","398","Kazakhstan","5532","Prix à la Production (USD/tonne)","21121","Viande, poulet, fraîche ou réfrigérée","2017","2017","7021","Valeur annuel","USD","1197.7","A","Chiffre officiel"
"PP","Prix à la Production","398","Kazakhstan","5532","Prix à la Production (USD/tonne)","21121","Viande, poulet, fraîche ou réfrigérée","2018","2018","7021","Valeur annuel","USD","1259.1","A","Chiffre officiel"
"PP","Prix à la Production","398","Kazakhstan","5532","Prix à la Production (USD/tonne)","21121","Viande, poulet, fraîche ou réfrigérée","2019","2019","7021","Valeur annuel","USD","1214.3","A","Chiffre officiel"
"PP","Prix à la Production","398","Kazakhstan","5532","Prix à la Production (USD/tonne)","21121","Viande, poulet, fraîche ou réfrigérée","2020","2020","7021","Valeur annuel","USD","1199.9","A","Chiffre officiel"
"PP","Prix à la Production","404","Kenya","5532","Prix à la Production (USD/tonne)","21121","Viande, poulet, fraîche ou réfrigérée","2016","2016","7021","Valeur annuel","USD","4181.8","A","Chiffre officiel"
"PP","Prix à la Production","428","Lettonie","5532","Prix à la Production (USD/tonne)","21121","Viande, poulet, fraîche ou réfrigérée","2016","2016","7021","Valeur annuel","USD","1879.4","A","Chiffre officiel"
"PP","Prix à la Production","428","Lettonie","5532","Prix à la Production (USD/tonne)","21121","Viande, poulet, fraîche ou réfrigérée","2017","2017","7021","Valeur annuel","USD","1876.4","A","Chiffre officiel"
"PP","Prix à la Production","428","Lettonie","5532","Prix à la Production (USD/tonne)","21121","Viande, poulet, fraîche ou réfrigérée","2018","2018","7021","Valeur annuel","USD","2067.9","A","Chiffre officiel"
"PP","Prix à la Production","428","Lettonie","5532","Prix à la Production (USD/tonne)","21121","Viande, poulet, fraîche ou réfrigérée","2019","2019","7021","Valeur annuel","USD","2092.3","A","Chiffre officiel"
"PP","Prix à la Production","428","Lettonie","5532","Prix à la Production (USD/tonne)","21121","Viande, poulet, fraîche ou réfrigérée","2020","2020","7021","Valeur annuel","USD","2027.4","A","Chiffre officiel"
"PP","Prix à la Production","422","Liban","5532","Prix à la Production (USD/tonne)","21121","Viande, poulet, fraîche ou réfrigérée","2016","2016","7021","Valeur annuel","USD","3087.9","A","Chiffre officiel"
"PP","Prix à la Production","422","Liban","5532","Prix à la Production (USD/tonne)","21121","Viande, poulet, fraîche ou réfrigérée","2017","2017","7021","Valeur annuel","USD","2674","A","Chiffre officiel"
"PP","Prix à la Production","422","Liban","5532","Prix à la Production (USD/tonne)","21121","Viande, poulet, fraîche ou réfrigérée","2018","2018","7021","Valeur annuel","USD","1658.4","A","Chiffre officiel"
"PP","Prix à la Production","422","Liban","5532","Prix à la Production (USD/tonne)","21121","Viande, poulet, fraîche ou réfrigérée","2019","2019","7021","Valeur annuel","USD","2191","A","Chiffre officiel"
"PP","Prix à la Production","442","Luxembourg","5532","Prix à la Production (USD/tonne)","21121","Viande, poulet, fraîche ou réfrigérée","2016","2016","7021","Valeur annuel","USD","5055.3","A","Chiffre officiel"
"PP","Prix à la Production","442","Luxembourg","5532","Prix à la Production (USD/tonne)","21121","Viande, poulet, fraîche ou réfrigérée","2017","2017","7021","Valeur annuel","USD","5366","A","Chiffre officiel"
"PP","Prix à la Production","442","Luxembourg","5532","Prix à la Production (USD/tonne)","21121","Viande, poulet, fraîche ou réfrigérée","2018","2018","7021","Valeur annuel","USD","5500.3","A","Chiffre officiel"
"PP","Prix à la Production","442","Luxembourg","5532","Prix à la Production (USD/tonne)","21121","Viande, poulet, fraîche ou réfrigérée","2019","2019","7021","Valeur annuel","USD","4936.9","A","Chiffre officiel"
"PP","Prix à la Production","442","Luxembourg","5532","Prix à la Production (USD/tonne)","21121","Viande, poulet, fraîche ou réfrigérée","2020","2020","7021","Valeur annuel","USD","4833.1","A","Chiffre officiel"
"PP","Prix à la Production","458","Malaisie","5532","Prix à la Production (USD/tonne)","21121","Viande, poulet, fraîche ou réfrigérée","2016","2016","7021","Valeur annuel","USD","2049","A","Chiffre officiel"
"PP","Prix à la Production","458","Malaisie","5532","Prix à la Production (USD/tonne)","21121","Viande, poulet, fraîche ou réfrigérée","2017","2017","7021","Valeur annuel","USD","2011.4","A","Chiffre officiel"
"PP","Prix à la Production","458","Malaisie","5532","Prix à la Production (USD/tonne)","21121","Viande, poulet, fraîche ou réfrigérée","2018","2018","7021","Valeur annuel","USD","2218","A","Chiffre officiel"
"PP","Prix à la Production","458","Malaisie","5532","Prix à la Production (USD/tonne)","21121","Viande, poulet, fraîche ou réfrigérée","2019","2019","7021","Valeur annuel","USD","1676.7","A","Chiffre officiel"
"PP","Prix à la Production","470","Malte","5532","Prix à la Production (USD/tonne)","21121","Viande, poulet, fraîche ou réfrigérée","2016","2016","7021","Valeur annuel","USD","1326.9","A","Chiffre officiel"
"PP","Prix à la Production","470","Malte","5532","Prix à la Production (USD/tonne)","21121","Viande, poulet, fraîche ou réfrigérée","2017","2017","7021","Valeur annuel","USD","1341.7","A","Chiffre officiel"
"PP","Prix à la Production","470","Malte","5532","Prix à la Production (USD/tonne)","21121","Viande, poulet, fraîche ou réfrigérée","2018","2018","7021","Valeur annuel","USD","1414.8","A","Chiffre officiel"
"PP","Prix à la Production","470","Malte","5532","Prix à la Production (USD/tonne)","21121","Viande, poulet, fraîche ou réfrigérée","2019","2019","7021","Valeur annuel","USD","1915.4","A","Chiffre officiel"
"PP","Prix à la Production","470","Malte","5532","Prix à la Production (USD/tonne)","21121","Viande, poulet, fraîche ou réfrigérée","2020","2020","7021","Valeur annuel","USD","2540.3","A","Chiffre officiel"
"PP","Prix à la Production","480","Maurice","5532","Prix à la Production (USD/tonne)","21121","Viande, poulet, fraîche ou réfrigérée","2016","2016","7021","Valeur annuel","USD","1916.5","A","Chiffre officiel"
"PP","Prix à la Production","480","Maurice","5532","Prix à la Production (USD/tonne)","21121","Viande, poulet, fraîche ou réfrigérée","2017","2017","7021","Valeur annuel","USD","1911.8","A","Chiffre officiel"
"PP","Prix à la Production","480","Maurice","5532","Prix à la Production (USD/tonne)","21121","Viande, poulet, fraîche ou réfrigérée","2018","2018","7021","Valeur annuel","USD","2024.7","A","Chiffre officiel"
"PP","Prix à la Production","480","Maurice","5532","Prix à la Production (USD/tonne)","21121","Viande, poulet, fraîche ou réfrigérée","2019","2019","7021","Valeur annuel","USD","1874.3","A","Chiffre officiel"
"PP","Prix à la Production","480","Maurice","5532","Prix à la Production (USD/tonne)","21121","Viande, poulet, fraîche ou réfrigérée","2020","2020","7021","Valeur annuel","USD","1708","A","Chiffre officiel"
"PP","Prix à la Production","484","Mexique","5532","Prix à la Production (USD/tonne)","21121","Viande, poulet, fraîche ou réfrigérée","2016","2016","7021","Valeur annuel","USD","1598.7","A","Chiffre officiel"
"PP","Prix à la Production","484","Mexique","5532","Prix à la Production (USD/tonne)","21121","Viande, poulet, fraîche ou réfrigérée","2017","2017","7021","Valeur annuel","USD","1634","A","Chiffre officiel"
"PP","Prix à la Production","484","Mexique","5532","Prix à la Production (USD/tonne)","21121","Viande, poulet, fraîche ou réfrigérée","2018","2018","7021","Valeur annuel","USD","1668","A","Chiffre officiel"
"PP","Prix à la Production","484","Mexique","5532","Prix à la Production (USD/tonne)","21121","Viande, poulet, fraîche ou réfrigérée","2019","2019","7021","Valeur annuel","USD","1705.1","A","Chiffre officiel"
"PP","Prix à la Production","484","Mexique","5532","Prix à la Production (USD/tonne)","21121","Viande, poulet, fraîche ou réfrigérée","2020","2020","7021","Valeur annuel","USD","1563.5","A","Chiffre officiel"
"PP","Prix à la Production","508","Mozambique","5532","Prix à la Production (USD/tonne)","21121","Viande, poulet, fraîche ou réfrigérée","2016","2016","7021","Valeur annuel","USD","2885.8","A","Chiffre officiel"
"PP","Prix à la Production","524","Népal","5532","Prix à la Production (USD/tonne)","21121","Viande, poulet, fraîche ou réfrigérée","2016","2016","7021","Valeur annuel","USD","2502.1","A","Chiffre officiel"
"PP","Prix à la Production","524","Népal","5532","Prix à la Production (USD/tonne)","21121","Viande, poulet, fraîche ou réfrigérée","2017","2017","7021","Valeur annuel","USD","2572.3","A","Chiffre officiel"
"PP","Prix à la Production","524","Népal","5532","Prix à la Production (USD/tonne)","21121","Viande, poulet, fraîche ou réfrigérée","2018","2018","7021","Valeur annuel","USD","2133","A","Chiffre officiel"
"PP","Prix à la Production","524","Népal","5532","Prix à la Production (USD/tonne)","21121","Viande, poulet, fraîche ou réfrigérée","2019","2019","7021","Valeur annuel","USD","2009.2","A","Chiffre officiel"
"PP","Prix à la Production","524","Népal","5532","Prix à la Production (USD/tonne)","21121","Viande, poulet, fraîche ou réfrigérée","2020","2020","7021","Valeur annuel","USD","1815.1","A","Chiffre officiel"
"PP","Prix à la Production","578","Norvège","5532","Prix à la Production (USD/tonne)","21121","Viande, poulet, fraîche ou réfrigérée","2016","2016","7021","Valeur annuel","USD","2361.8","A","Chiffre officiel"
"PP","Prix à la Production","578","Norvège","5532","Prix à la Production (USD/tonne)","21121","Viande, poulet, fraîche ou réfrigérée","2017","2017","7021","Valeur annuel","USD","2317.5","A","Chiffre officiel"
"PP","Prix à la Production","578","Norvège","5532","Prix à la Production (USD/tonne)","21121","Viande, poulet, fraîche ou réfrigérée","2018","2018","7021","Valeur annuel","USD","2455.6","A","Chiffre officiel"
"PP","Prix à la Production","578","Norvège","5532","Prix à la Production (USD/tonne)","21121","Viande, poulet, fraîche ou réfrigérée","2019","2019","7021","Valeur annuel","USD","2361.4","A","Chiffre officiel"
"PP","Prix à la Production","578","Norvège","5532","Prix à la Production (USD/tonne)","21121","Viande, poulet, fraîche ou réfrigérée","2020","2020","7021","Valeur annuel","USD","2175.1","A","Chiffre officiel"
"PP","Prix à la Production","275","Palestine","5532","Prix à la Production (USD/tonne)","21121","Viande, poulet, fraîche ou réfrigérée","2016","2016","7021","Valeur annuel","USD","3426.1","A","Chiffre officiel"
"PP","Prix à la Production","275","Palestine","5532","Prix à la Production (USD/tonne)","21121","Viande, poulet, fraîche ou réfrigérée","2017","2017","7021","Valeur annuel","USD","3589.5","A","Chiffre officiel"
"PP","Prix à la Production","275","Palestine","5532","Prix à la Production (USD/tonne)","21121","Viande, poulet, fraîche ou réfrigérée","2018","2018","7021","Valeur annuel","USD","3466.4","A","Chiffre officiel"
"PP","Prix à la Production","275","Palestine","5532","Prix à la Production (USD/tonne)","21121","Viande, poulet, fraîche ou réfrigérée","2019","2019","7021","Valeur annuel","USD","3710.3","A","Chiffre officiel"
"PP","Prix à la Production","634","Qatar","5532","Prix à la Production (USD/tonne)","21121","Viande, poulet, fraîche ou réfrigérée","2017","2017","7021","Valeur annuel","USD","6044","A","Chiffre officiel"
"PP","Prix à la Production","634","Qatar","5532","Prix à la Production (USD/tonne)","21121","Viande, poulet, fraîche ou réfrigérée","2018","2018","7021","Valeur annuel","USD","5494.5","A","Chiffre officiel"
"PP","Prix à la Production","634","Qatar","5532","Prix à la Production (USD/tonne)","21121","Viande, poulet, fraîche ou réfrigérée","2019","2019","7021","Valeur annuel","USD","5494.5","A","Chiffre officiel"
"PP","Prix à la Production","634","Qatar","5532","Prix à la Production (USD/tonne)","21121","Viande, poulet, fraîche ou réfrigérée","2020","2020","7021","Valeur annuel","USD","5494.5","A","Chiffre officiel"
"PP","Prix à la Production","642","Roumanie","5532","Prix à la Production (USD/tonne)","21121","Viande, poulet, fraîche ou réfrigérée","2016","2016","7021","Valeur annuel","USD","1813.2","A","Chiffre officiel"
"PP","Prix à la Production","642","Roumanie","5532","Prix à la Production (USD/tonne)","21121","Viande, poulet, fraîche ou réfrigérée","2017","2017","7021","Valeur annuel","USD","1806.3","A","Chiffre officiel"
"PP","Prix à la Production","642","Roumanie","5532","Prix à la Production (USD/tonne)","21121","Viande, poulet, fraîche ou réfrigérée","2018","2018","7021","Valeur annuel","USD","1862.2","A","Chiffre officiel"
"PP","Prix à la Production","642","Roumanie","5532","Prix à la Production (USD/tonne)","21121","Viande, poulet, fraîche ou réfrigérée","2019","2019","7021","Valeur annuel","USD","1809.8","A","Chiffre officiel"
"PP","Prix à la Production","642","Roumanie","5532","Prix à la Production (USD/tonne)","21121","Viande, poulet, fraîche ou réfrigérée","2020","2020","7021","Valeur annuel","USD","1743.6","A","Chiffre officiel"
"PP","Prix à la Production","646","Rwanda","5532","Prix à la Production (USD/tonne)","21121","Viande, poulet, fraîche ou réfrigérée","2016","2016","7021","Valeur annuel","USD","5243.1","A","Chiffre officiel"
"PP","Prix à la Production","646","Rwanda","5532","Prix à la Production (USD/tonne)","21121","Viande, poulet, fraîche ou réfrigérée","2018","2018","7021","Valeur annuel","USD","2514.4","A","Chiffre officiel"
"PP","Prix à la Production","646","Rwanda","5532","Prix à la Production (USD/tonne)","21121","Viande, poulet, fraîche ou réfrigérée","2019","2019","7021","Valeur annuel","USD","2509.9","A","Chiffre officiel"
"PP","Prix à la Production","646","Rwanda","5532","Prix à la Production (USD/tonne)","21121","Viande, poulet, fraîche ou réfrigérée","2020","2020","7021","Valeur annuel","USD","2395.6","A","Chiffre officiel"
"PP","Prix à la Production","662","Sainte-Lucie","5532","Prix à la Production (USD/tonne)","21121","Viande, poulet, fraîche ou réfrigérée","2017","2017","7021","Valeur annuel","USD","4318.5","A","Chiffre officiel"
"PP","Prix à la Production","662","Sainte-Lucie","5532","Prix à la Production (USD/tonne)","21121","Viande, poulet, fraîche ou réfrigérée","2018","2018","7021","Valeur annuel","USD","4318.5","A","Chiffre officiel"
"PP","Prix à la Production","662","Sainte-Lucie","5532","Prix à la Production (USD/tonne)","21121","Viande, poulet, fraîche ou réfrigérée","2019","2019","7021","Valeur annuel","USD","4318.5","A","Chiffre officiel"
"PP","Prix à la Production","144","Sri Lanka","5532","Prix à la Production (USD/tonne)","21121","Viande, poulet, fraîche ou réfrigérée","2016","2016","7021","Valeur annuel","USD","2473.3","A","Chiffre officiel"
"PP","Prix à la Production","144","Sri Lanka","5532","Prix à la Production (USD/tonne)","21121","Viande, poulet, fraîche ou réfrigérée","2017","2017","7021","Valeur annuel","USD","2639.9","A","Chiffre officiel"
"PP","Prix à la Production","144","Sri Lanka","5532","Prix à la Production (USD/tonne)","21121","Viande, poulet, fraîche ou réfrigérée","2018","2018","7021","Valeur annuel","USD","2551.1","A","Chiffre officiel"
"PP","Prix à la Production","144","Sri Lanka","5532","Prix à la Production (USD/tonne)","21121","Viande, poulet, fraîche ou réfrigérée","2019","2019","7021","Valeur annuel","USD","2403.5","A","Chiffre officiel"
"PP","Prix à la Production","144","Sri Lanka","5532","Prix à la Production (USD/tonne)","21121","Viande, poulet, fraîche ou réfrigérée","2020","2020","7021","Valeur annuel","USD","2396.4","A","Chiffre officiel"
"PP","Prix à la Production","740","Suriname","5532","Prix à la Production (USD/tonne)","21121","Viande, poulet, fraîche ou réfrigérée","2016","2016","7021","Valeur annuel","USD","2830.5","A","Chiffre officiel"
"PP","Prix à la Production","740","Suriname","5532","Prix à la Production (USD/tonne)","21121","Viande, poulet, fraîche ou réfrigérée","2017","2017","7021","Valeur annuel","USD","3135.8","A","Chiffre officiel"
"PP","Prix à la Production","740","Suriname","5532","Prix à la Production (USD/tonne)","21121","Viande, poulet, fraîche ou réfrigérée","2018","2018","7021","Valeur annuel","USD","3819.1","A","Chiffre officiel"
"PP","Prix à la Production","740","Suriname","5532","Prix à la Production (USD/tonne)","21121","Viande, poulet, fraîche ou réfrigérée","2019","2019","7021","Valeur annuel","USD","3539.8","A","Chiffre officiel"
"PP","Prix à la Production","768","Togo","5532","Prix à la Production (USD/tonne)","21121","Viande, poulet, fraîche ou réfrigérée","2017","2017","7021","Valeur annuel","USD","2583.3","A","Chiffre officiel"
"PP","Prix à la Production","858","Uruguay","5532","Prix à la Production (USD/tonne)","21121","Viande, poulet, fraîche ou réfrigérée","2016","2016","7021","Valeur annuel","USD","1201.2","A","Chiffre officiel"
"PP","Prix à la Production","858","Uruguay","5532","Prix à la Production (USD/tonne)","21121","Viande, poulet, fraîche ou réfrigérée","2017","2017","7021","Valeur annuel","USD","1318.2","A","Chiffre officiel"
"PP","Prix à la Production","858","Uruguay","5532","Prix à la Production (USD/tonne)","21121","Viande, poulet, fraîche ou réfrigérée","2018","2018","7021","Valeur annuel","USD","1334.4","A","Chiffre officiel"
"PP","Prix à la Production","858","Uruguay","5532","Prix à la Production (USD/tonne)","21121","Viande, poulet, fraîche ou réfrigérée","2019","2019","7021","Valeur annuel","USD","2694.6","A","Chiffre officiel"
"PP","Prix à la Production","704","Viet Nam","5532","Prix à la Production (USD/tonne)","21121","Viande, poulet, fraîche ou réfrigérée","2016","2016","7021","Valeur annuel","USD","4093.1","A","Chiffre officiel"
"PP","Prix à la Production","704","Viet Nam","5532","Prix à la Production (USD/tonne)","21121","Viande, poulet, fraîche ou réfrigérée","2017","2017","7021","Valeur annuel","USD","3852.8","A","Chiffre officiel"
"PP","Prix à la Production","704","Viet Nam","5532","Prix à la Production (USD/tonne)","21121","Viande, poulet, fraîche ou réfrigérée","2018","2018","7021","Valeur annuel","USD","4270.1","A","Chiffre officiel"
"PP","Prix à la Production","704","Viet Nam","5532","Prix à la Production (USD/tonne)","21121","Viande, poulet, fraîche ou réfrigérée","2019","2019","7021","Valeur annuel","USD","4293","A","Chiffre officiel"
"PP","Prix à la Production","704","Viet Nam","5532","Prix à la Production (USD/tonne)","21121","Viande, poulet, fraîche ou réfrigérée","2020","2020","7021","Valeur annuel","USD","4405.9","A","Chiffre officiel"
"PP","Prix à la Production","887","Yémen","5532","Prix à la Production (USD/tonne)","21121","Viande, poulet, fraîche ou réfrigérée","2016","2016","7021","Valeur annuel","USD","4849","A","Chiffre officiel"
"PP","Prix à la Production","887","Yémen","5532","Prix à la Production (USD/tonne)","21121","Viande, poulet, fraîche ou réfrigérée","2017","2017","7021","Valeur annuel","USD","5091.4","A","Chiffre officiel"
"PP","Prix à la Production","887","Yémen","5532","Prix à la Production (USD/tonne)","21121","Viande, poulet, fraîche ou réfrigérée","2018","2018","7021","Valeur annuel","USD","4503.2","A","Chiffre officiel"
"PP","Prix à la Production","887","Yémen","5532","Prix à la Production (USD/tonne)","21121","Viande, poulet, fraîche ou réfrigérée","2019","2019","7021","Valeur annuel","USD","4995","A","Chiffre officiel"
"PP","Prix à la Production","887","Yémen","5532","Prix à la Production (USD/tonne)","21121","Viande, poulet, fraîche ou réfrigérée","2020","2020","7021","Valeur annuel","USD","4947.1","A","Chiffre officiel"
"PP","Prix à la Production","894","Zambie","5532","Prix à la Production (USD/tonne)","21121","Viande, poulet, fraîche ou réfrigérée","2018","2018","7021","Valeur annuel","USD","2595.6","A","Chiffre officiel"
"PP","Prix à la Production","894","Zambie","5532","Prix à la Production (USD/tonne)","21121","Viande, poulet, fraîche ou réfrigérée","2019","2019","7021","Valeur annuel","USD","2285.8","A","Chiffre officiel"
